{
  "left_uniforms": {
    "width": 3840,
    "height": 2160,
    "fx": 1694.401544971265,
    "fy": 1693.596750347988,
    "cx": 1858.7034676005944,
    "cy": 1066.8496277988809,
    "d": [
      0.05591267329556283,
      -0.005509906113601952,
      0.02085228314969481,
      -0.011887674781241949
    ]
  },
  "right_uniforms": {
    "width": 3840,
    "height": 2160,
    "fx": 1694.401544971265,
    "fy": 1693.596750347988,
    "cx": 1858.7034676005944,
    "cy": 1066.8496277988809,
    "d": [
      0.05591267329556283,
      -0.005509906113601952,
      0.02085228314969481,
      -0.011887674781241949
    ]
  },
  "params": {
    "cameraAxisOffset": 0.2909263169404256,
    "intersect": 0.5802288278113601,
    "xTy": -0.011544923075577893,
    "xRz": -0.3000000623513146,
    "zRx": 0.1783080816026247,
    "xRx": 0.0,
    "zRz": 0.0
  },
  "rig_tilt": 0.0,
  "rig_roll": 0.0,
  "sync_offset": 0,
  "field_roi": null
}